jan,feb,mar,apr,may,jun,jul,aug,sep,oct,nov,dec,make,model_,year
86,56,218,286,209,177,167,138,195,125,108,106,Acura,ILX,2019
167,210,494,551,377,352,409,560,599,343,327,368,Acura,MDX,2019
0,1,4,2,6,4,0,2,0,1,1,1,Acura,NSX,2019
473,454,591,764,980,894,819,963,973,985,941,879,Acura,RDX,2019
5,5,3,4,6,4,2,11,5,5,5,0,Acura,RLX,2019
176,342,402,0,282,230,246,154,280,268,223,270,Acura,TLX,2019
2,2,5,7,10,4,5,5,1,3,3,0,Alfa,Romeo 4C,2019
12,29,22,20,35,23,22,25,10,18,15,11,Alfa,Romeo Giulia,2019
25,17,40,46,38,38,32,36,72,31,26,57,Alfa,Romeo Stelvio,2019
203,147,254,334,413,442,116,220,499,222,175,92,Audi,A3,2019
208,226,318,419,508,382,368,388,312,381,289,118,Audi,A4,2019
255,312,381,446,492,398,281,346,433,416,294,169,Audi,A5,2019
41,47,75,109,53,42,33,41,53,79,70,44,Audi,A6,2019
51,37,72,79,67,57,34,33,48,48,48,34,Audi,A7,2019
15,7,15,14,10,19,4,3,4,18,15,13,Audi,A8,2019
0,0,0,0,0,113,98,42,71,58,75,33,Audi,eTron,2019
77,0,0,0,0,0,371,730,457,668,929,502,Audi,Q3,2019
626,603,"1,025","1,349","1,346",833,781,921,"1,070",859,"1,009",433,Audi,Q5,2019
226,200,407,363,296,182,174,191,329,360,335,150,Audi,Q7,2019
130,135,208,235,218,167,179,191,160,198,148,103,Audi,Q8,2019
6,2,3,3,2,21,17,27,7,22,14,6,Audi,R8,2019
12,24,56,31,67,54,28,33,10,13,15,5,Audi,TT,2019
78,61,137,165,190,140,95,65,84,106,45,36,BMW,2-Series,2019
189,212,363,762,643,523,501,524,738,489,615,349,BMW,3-Series,2019
147,216,191,205,468,217,153,125,214,101,134,108,BMW,4-Series,2019
86,139,165,202,243,144,110,84,149,135,113,51,BMW,5-Series,2019
9,11,7,33,34,10,3,19,12,6,6,7,BMW,6-Series,2019
15,15,38,44,36,34,40,41,59,19,12,22,BMW,7-Series,2019
15,12,17,34,34,33,15,14,29,11,25,25,BMW,8-Series,2019
13,12,13,34,24,41,18,22,48,50,30,6,BMW,i3,2019
183,591,509,525,244,307,151,310,477,456,425,242,BMW,X1,2019
63,203,145,163,172,111,57,66,128,51,124,100,BMW,X2,2019
557,410,686,739,607,734,701,994,855,820,722,579,BMW,X3,2019
59,71,95,738,105,66,96,90,124,210,137,73,BMW,X4,2019
659,358,504,691,675,504,536,506,797,454,556,390,BMW,X5,2019
15,30,31,61,78,39,18,18,70,49,113,88,BMW,X6,2019
0,0,180,231,207,191,207,128,151,117,116,92,BMW,X7,2019
0,0,6,0,43,33,21,17,24,12,9,13,BMW,Z4,2019
174,199,300,312,347,262,303,317,183,199,169,169,Buick,Enclave,2019
528,603,908,945,"1,052",794,917,959,791,825,701,701,Buick,Encore,2019
134,153,231,240,267,202,233,244,405,222,188,188,Buick,Envision,2019
33,38,57,59,66,50,57,60,19,33,28,14,Buick,LaCrosse,2019
35,41,61,64,71,53,62,64,184,112,96,24,Buick,Regal,2019
80,92,138,143,160,121,139,146,3,5,4,1,Cadillac,ATS,2019
11,13,19,20,22,17,19,20,11,13,11,25,Cadillac,CT6,2019
22,25,38,40,44,34,39,40,10,20,17,5,Cadillac,CTS,2019
137,157,237,246,273,206,238,249,225,194,165,188,Cadillac,Escalade,2019
250,312,329,298,371,437,311,452,133,201,222,201,Cadillac,XT4,2019
291,333,501,522,581,439,507,530,430,385,328,328,Cadillac,XT5,2019
0,0,0,0,0,0,0,0,68,75,94,74,Cadillac,XT6,2019
25,28,42,44,49,37,43,45,17,53,45,4,Cadillac,XTS,2019
341,851,"1,405","1,514","2,701","1,975","2,514","2,722",314,350,417,106,Chevrolet,Blazer,2019
125,143,216,225,250,189,218,228,402,305,259,322,Chevrolet,Bolt,2019
134,154,231,240,268,202,233,244,139,209,77,89,Chevrolet,Camaro,2019
463,529,796,828,922,696,804,841,891,723,615,423,Chevrolet,Colorado,2019
77,88,133,138,154,116,134,140,280,163,98,48,Chevrolet,Corvette,2019
292,353,"1,114",760,511,"1,698","1,501",801,"1,113",917,689,151,Chevrolet,Cruze,2019
"1,058","1,210","1,821","1,895","2,110","1,593","1,840","1,924","1,188","1,599","1,499",766,Chevrolet,Equinox,2019
233,267,402,418,465,351,406,424,170,346,294,326,Chevrolet,Express,2019
194,221,333,347,386,291,337,352,114,191,143,74,Chevrolet,Impala,2019
338,387,582,606,675,509,588,615,521,497,423,229,Chevrolet,Malibu,2019
"3,208","3,159","4,803","4,991","5,140",208,"4,080","3,867","5,216","4,429","3,766","2,970",Chevrolet,Silverado,2019
141,161,242,252,280,212,245,256,0,0,1,0,Chevrolet,Sonic,2019
245,280,422,439,489,369,426,446,770,637,541,419,Chevrolet,Spark,2019
138,158,238,248,276,0,240,251,114,199,169,97,Chevrolet,Suburban,2019
177,203,305,318,354,267,308,322,500,355,302,151,Chevrolet,Tahoe,2019
319,365,550,572,637,481,555,580,610,537,457,115,Chevrolet,Traverse,2019
221,253,381,397,442,333,385,403,866,617,648,352,Chevrolet,Trax,2019
214,245,369,384,427,323,373,390,60,47,22,1,Chevrolet,Volt,2019
0,0,0,0,1,0,0,0,0,0,0,0,Chrysler,200,2019
112,278,738,248,163,210,272,312,23,163,139,41,Chrysler,300,2019
277,235,304,264,537,599,345,396,265,279,237,93,Chrysler,Pacifica,2019
270,183,198,167,307,238,212,243,141,166,141,75,Dodge,Challenger,2019
48,872,"1,021",156,403,455,460,528,88,291,248,45,Dodge,Charger,2019
1,0,0,0,0,0,0,0,0,0,0,0,Dodge,Dart,2019
700,958,957,"1,754",531,677,869,996,640,687,584,267,Dodge,Durango,2019
"1,947","2,889","3,370","2,586","2,407","2,744","2,484","2,848","1,541","1,986","1,689","1,491",Dodge,Grand Caravan,2019
217,272,271,325,403,169,258,296,92,177,151,73,Dodge,Journey,2019
0,0,0,0,0,1,0,0,0,0,0,1,Dodge,Viper,2019
16,2,21,20,32,16,17,19,32,16,13,1,Fiat,124 Spider,2019
12,3,16,10,18,10,11,12,5,9,7,4,Fiat,500,2019
1,1,0,1,5,2,2,2,0,1,1,0,Fiat,500L,2019
7,3,3,3,4,3,4,4,6,3,3,7,Fiat,500X,2019
230,457,447,732,543,496,354,361,216,348,346,218,Ford,E-Series,2019
379,637,790,599,789,951,555,718,489,535,532,464,Ford,EcoSport,2019
"1,017",993,"1,849","2,290","2,560","1,970","1,679","1,918","1,594","1,438","1,431","1,226",Ford,Edge,2019
"2,308","2,125","3,561","4,215","4,830","3,957","3,455","3,163","3,203","2,793","2,778","3,116",Ford,Escape,2019
133,236,303,738,597,693,291,292,323,327,325,123,Ford,Expedition,2019
810,765,965,779,781,682,663,762,748,630,927,"1,155",Ford,Explorer,2019
"8,554","8,455","13,098","13,513","15,891","15,394","13,862","14,600","13,675","10,972","11,068","6,128",Ford,F-Series,2019
59,28,243,288,227,357,21,17,9,13,8,3,Ford,Fiesta,2019
114,298,511,332,557,343,143,82,38,19,10,45,Ford,Flex,2019
273,239,291,284,223,103,51,36,14,17,7,7,Ford,Focus,2019
279,"1,087","1,047",822,888,944,473,699,"1,041",880,456,137,Ford,Fusion,2019
0,0,0,0,0,3,0,0,2,0,0,2,Ford,GT,2019
221,204,580,"1,088","1,429","1,277",640,499,399,574,571,146,Ford,Mustang,2019
201,173,381,522,589,524,750,756,854,430,428,995,Ford,Ranger,2019
56,444,"1,120",147,101,37,12,6,10,10,4,4,Ford,Taurus,2019
931,"1,217","1,704","1,344","1,595","1,525","1,433","1,665","1,668","1,186","1,179",682,Ford,Transit,2019
90,379,300,349,340,325,288,321,280,242,241,163,Ford,Transit Connect,2019
37,93,93,115,121,121,107,86,98,96,75,77,Genesis,G70,2019
12,21,22,33,37,45,28,30,27,26,19,24,Genesis,G80,2019
2,1,0,3,2,0,7,27,12,11,11,6,Genesis,G90,2019
256,292,440,458,510,385,445,465,338,340,289,139,GMC,Acadia,2019
333,381,574,597,665,502,579,606,312,415,353,219,GMC,Canyon,2019
318,363,547,569,633,478,552,277,733,468,398,296,GMC,Savana,2019
"2,790","3,190","4,185","4,748","4,993","3,089","3,552","4,957","5,265","4,465","3,601","4,011",GMC,Sierra,2019
677,774,"1,165","1,213","1,350","1,019","1,177","1,231",867,"1,084",922,544,GMC,Terrain,2019
164,188,282,294,327,247,285,298,218,230,196,196,GMC,Yukon,2019
124,141,213,222,247,186,215,225,142,196,167,156,GMC,Yukon XL,2019
580,605,"1,121","1,006","1,443","1,082",984,"1,134","1,134","1,025",774,493,Honda,Accord,2019
"3,661","3,724","6,751","5,234","6,963","6,065","5,841","6,067","5,295","5,193","3,312","2,033",Honda,Civic,2019
15,162,60,64,221,191,134,32,11,12,9,0,Honda,Clarity FCV,2019
"2,878","4,139","6,004","4,497","5,809","4,254","5,388","5,578","4,917","5,710","4,044","2,641",Honda,CR-V,2019
419,261,435,421,504,273,295,206,252,169,155,47,Honda,Fit,2019
970,725,982,"1,048","1,352","1,286","1,200","1,261","1,206","1,225","1,077",653,Honda,HR-V,2019
20,39,41,30,66,56,107,102,86,95,69,42,Honda,Insight,2019
568,524,811,"1,013","1,039",885,915,924,719,770,635,454,Honda,Odyssey,2019
0,4,265,295,357,282,240,307,257,251,254,166,Honda,Passport,2019
528,492,"1,086",663,708,594,653,620,542,721,920,714,Honda,Pilot,2019
247,201,284,320,365,310,291,311,252,244,356,224,Honda,Ridgeline,2019
315,334,506,743,738,695,701,435,362,508,365,287,Hyundai,Accent,2019
"1,899","1,871","2,808","4,228","3,948","3,913","3,864","4,034","3,565","3,540","3,643","2,150",Hyundai,Elantra,2019
166,141,280,593,829,384,361,385,294,171,42,21,Hyundai,Ioniq,2019
"1,211","1,854","2,717","2,348","2,743","2,255","2,084","2,320","2,127","2,132","2,253","1,773",Hyundai,Kona,2019
0,3,0,3,0,0,0,2,0,0,0,1,Hyundai,Nexo,2019
0,0,0,0,0,180,826,725,638,608,493,375,Hyundai,Palisade,2019
"1,162","1,219","1,715","1,975","2,154","2,096","1,741","1,557","1,528","1,620","1,243",919,Hyundai,Santa Fe,2019
172,285,349,611,369,481,641,202,236,129,124,81,Hyundai,Sonata,2019
"1,366","1,512","2,057","2,411","3,169","3,193","2,722","3,518","3,082","2,864","2,342","1,839",Hyundai,Tuscon,2019
75,84,162,248,206,144,106,87,86,97,69,56,Hyundai,Veloster,2019
0,0,0,0,0,0,0,0,0,0,8,305,Hyundai,Venue,2019
108,140,269,185,203,222,101,165,166,94,115,103,Infiniti,Q50,2019
24,48,62,45,54,48,28,34,50,33,60,36,Infiniti,Q60,2019
2,4,12,4,6,4,3,3,6,3,4,5,Infiniti,Q70,2019
9,13,64,0,1,3,2,1,0,0,0,0,Infiniti,QX30,2019
189,185,319,296,305,284,276,307,356,348,374,276,Infiniti,QX50,2019
290,374,495,289,250,387,374,429,495,208,222,169,Infiniti,QX60,2019
51,78,154,95,81,73,61,73,78,65,51,75,Infiniti,QX80,2019
38,3,50,88,52,20,27,27,43,24,28,17,Jaguar,E-Pace,2019
115,286,374,212,162,167,139,180,169,193,138,176,Jaguar,F-Pace,2019
7,16,65,11,27,33,22,14,40,9,18,6,Jaguar,F-Type,2019
16,26,49,44,34,40,48,22,16,27,20,38,Jaguar,I-Pace,2019
11,8,24,5,9,19,16,23,21,9,6,6,Jaguar,XE,2019
2,3,26,2,4,5,7,8,25,3,2,19,Jaguar,XF,2019
1,5,23,10,4,11,16,4,9,6,4,4,Jaguar,XJ,2019
"1,003","1,152","1,345","1,266","1,325","1,200","1,136","1,302","1,583","1,100",936,339,Jeep,Cherokee,2019
816,716,882,695,784,611,702,805,423,575,489,154,Jeep,Compass,2019
0,2,0,7,166,278,71,981,375,402,496,272,Jeep,Gladiator,2019
"1,155","1,689","1,933","1,776","1,480","1,629","1,505","1,726","1,674","1,374","1,568","1,150",Jeep,Grand Cherokee,2019
51,52,70,43,82,40,53,60,106,50,42,15,Jeep,Renegade,2019
"1,639","2,224","2,568","2,510","2,112","2,497","2,108","1,523","1,973","1,531",750,"1,750",Jeep,Wrangler,2019
1,6,3,2,4,3,0,0,1,0,0,1,Kia,Cadenza,2019
847,885,"1,625","1,565","1,330","1,599","1,511","1,726","1,220","1,307","1,137",797,Kia,Forte,2019
0,0,0,0,0,0,0,0,0,0,0,0,Kia,K900,2019
151,170,229,327,549,458,432,568,415,453,323,263,Kia,Niro,2019
62,70,210,178,155,197,193,151,147,100,100,108,Kia,Optima,2019
354,257,464,424,544,511,456,388,322,431,293,472,Kia,Rio,2019
223,320,422,450,771,624,435,469,327,289,377,285,Kia,Sedona,2019
812,"1,355","1,524","1,784","1,490","1,727","1,714","1,406","1,185","1,110","1,059",888,Kia,Sorento,2019
456,500,"1,180","1,160","1,361","1,280","1,438","1,120",989,884,846,654,Kia,Soul,2019
580,606,"1,187",957,"1,012","1,103","1,375","1,336","1,095","1,239","1,333",814,Kia,Sportage,2019
62,59,129,153,174,173,151,175,170,140,101,82,Kia,Stinger,2019
0,0,111,438,523,375,300,294,345,297,187,127,Kia,Telluride,2019
21,41,144,43,63,63,60,48,48,62,37,63,Land,Rover Discovery / LR4,2019
54,70,140,148,45,78,76,60,133,97,92,83,Land,Rover Discovery Sport,2019
111,101,259,198,141,119,79,126,158,159,108,173,Land,Rover Range Rover,2019
53,55,179,61,198,199,117,179,120,172,226,229,Land,Rover Range Rover Evoque,2019
207,213,411,202,256,256,225,274,336,301,268,250,Land,Rover Range Rover Sport,2019
116,129,236,161,162,187,103,171,137,161,121,115,Land,Rover Range Rover Velar,2019
120,103,185,240,223,210,196,168,215,179,192,123,Lexus,ES,2019
5,9,34,5,6,7,6,10,14,6,7,5,Lexus,GS,2019
9,26,31,26,23,23,17,30,23,70,65,34,Lexus,GX,2019
71,89,145,225,225,287,268,241,282,220,123,82,Lexus,IS,2019
3,5,7,15,9,9,7,5,6,3,4,1,Lexus,LC,2019
12,6,5,8,8,5,7,4,7,2,4,1,Lexus,LS,2019
111,89,114,101,127,62,29,70,58,96,110,86,Lexus,LX,2019
450,426,668,765,634,577,586,703,889,785,585,558,Lexus,NX,2019
12,17,22,52,28,46,28,18,29,25,17,11,Lexus,RC,2019
416,450,769,876,698,773,574,650,912,965,"1,021",723,Lexus,RX,2019
258,228,236,342,309,246,186,209,166,194,153,156,Lexus,UX,2019
0,0,0,0,0,0,0,24,78,89,114,373,Lincoln,Aviator,2019
24,15,4,14,37,17,15,15,9,14,14,9,Lincoln,Continental,2019
147,126,233,186,237,250,209,201,199,82,53,584,Lincoln,MKC,2019
0,0,0,0,0,12,0,0,0,0,0,0,Lincoln,MKS,2019
3,8,5,10,8,0,16,13,11,8,8,1,Lincoln,MKT,2019
214,202,276,273,392,315,316,328,338,241,239,104,Lincoln,MKX/Nautilus,2019
27,40,37,36,40,39,25,32,29,28,27,7,Lincoln,MKZ,2019
84,122,170,184,160,111,177,147,180,121,120,68,Lincoln,Navigator,2019
9,10,10,13,11,13,14,19,9,33,7,3,Maserati,Ghibli,2019
0,1,0,3,5,3,2,3,1,2,0,1,Maserati,GranTurismo,2019
39,22,24,36,37,26,23,29,25,39,19,23,Maserati,Levante,2019
3,7,16,15,10,6,5,1,5,1,1,1,Maserati,Quattroporte,2019
"1,279","1,331","2,349","2,545","2,219","1,823","2,048","1,932","1,669","1,707","1,414",960,Mazda,3,2019
130,78,121,149,146,145,114,134,113,103,121,48,Mazda,6,2019
529,572,906,910,969,966,"1,088","1,333","1,084","1,124",858,511,Mazda,CX-3,2019
"1,565","1,550","2,391","2,285","2,559","2,558","2,752","2,565","2,620","2,713","2,477","1,661",Mazda,CX-5,2019
224,263,418,307,361,455,474,359,305,364,419,473,Mazda,CX-9,2019
18,30,65,115,126,78,155,85,52,24,19,7,Mazda,MX-5 Miata,2019
119,173,277,224,328,313,498,327,365,396,352,260,Mercedes-Benz,A-Class,2019
10,16,29,53,40,37,73,40,27,40,28,31,Mercedes-Benz,AMG GT,2019
59,60,83,36,25,16,8,9,6,2,2,0,Mercedes-Benz,B-Class,2019
456,537,647,647,602,735,707,535,557,693,380,328,Mercedes-Benz,C-Class,2019
138,57,104,56,71,39,16,9,48,162,201,164,Mercedes-Benz,CLA-Class,2019
263,186,339,338,380,312,276,273,301,265,296,223,Mercedes-Benz,E / CLS-Class,2019
19,251,185,151,99,53,58,82,104,101,106,63,Mercedes-Benz,G-Class,2019
225,157,195,113,33,39,16,18,226,391,254,280,Mercedes-Benz,GL/GLS-Class,2019
138,180,307,266,406,306,400,595,223,200,494,174,Mercedes-Benz,GLA-Class,2019
611,757,"1,037",994,"1,051",921,806,892,949,919,"1,054",892,Mercedes-Benz,GLC/GLK-Class,2019
393,308,445,290,381,596,542,632,531,515,460,646,Mercedes-Benz,GLE-Class,2019
124,110,107,83,93,92,82,78,102,90,93,83,Mercedes-Benz,Metris,2019
60,44,84,91,89,85,61,52,77,86,61,38,Mercedes-Benz,S-Class,2019
5,1,5,22,15,28,23,9,10,6,4,5,Mercedes-Benz,SL-Class,2019
8,2,11,14,14,11,23,10,14,7,4,12,Mercedes-Benz,SLC-Class,2019
259,235,416,397,342,383,382,405,466,409,376,297,Mercedes-Benz,Sprinter,2019
181,210,334,390,443,328,367,310,403,354,214,169,Mini,Cooper,2019
83,114,217,201,246,170,233,186,239,204,189,193,Mini,Countryman,2019
256,253,752,380,409,609,590,315,595,311,350,281,Mitsubishi,Eclipse Cross,2019
143,183,433,172,248,180,213,186,146,141,111,114,Mitsubishi,Mirage,2019
631,743,"1,465","1,277","1,033",797,723,667,"1,232",950,735,448,Mitsubishi,Outlander,2019
412,571,"1,103",444,481,697,581,854,403,739,856,322,Mitsubishi,Outlander Sport,2019
29,26,43,53,91,78,57,48,21,17,23,14,Nissan,370Z,2019
161,362,304,250,259,415,240,225,352,326,277,171,Nissan,Altima,2019
118,54,64,35,50,75,25,38,40,26,39,29,Nissan,Armada,2019
300,264,395,426,504,277,232,312,314,265,234,200,Nissan,Frontier,2019
7,1,1,9,9,4,5,5,4,3,1,4,Nissan,GT-R,2019
417,797,"1,435","1,257","1,641","1,495","1,480","1,672","1,602","1,616","1,592","1,082",Nissan,Kicks,2019
247,129,128,131,524,317,268,411,272,207,117,130,Nissan,Leaf,2019
187,146,148,138,53,38,30,53,39,48,38,53,Nissan,Maxima,2019
294,317,582,556,815,711,600,548,510,576,442,410,Nissan,Micra,2019
781,832,"1,409",966,"1,074","1,208","1,035","1,051",891,973,994,786,Nissan,Murano,2019
44,52,95,55,128,78,70,60,53,72,61,39,Nissan,NV,2019
90,116,147,158,237,197,154,140,146,134,175,89,Nissan,NV200,2019
417,359,533,455,833,527,477,539,424,392,448,300,Nissan,Pathfinder,2019
"1,213","1,096","2,229","1,757","2,210","1,789","1,295","1,537","1,293","1,775","1,436",896,Nissan,Qashqai,2019
"1,811","1,983","4,455","3,029","3,815","4,364","3,094","3,725","3,592","2,812","2,706","2,144",Nissan,Rogue,2019
521,615,838,797,735,"1,085",779,530,540,469,554,256,Nissan,Sentra,2019
292,243,390,260,214,338,222,178,143,142,221,164,Nissan,Titan,2019
365,363,410,310,285,189,152,154,140,1,0,0,Nissan,Versa,2019
16,18,32,57,0,55,40,20,10,23,18,32,Porsche,718,2019
62,82,102,173,0,78,90,66,121,219,102,186,Porsche,911,2019
184,209,288,290,0,221,290,241,385,188,253,256,Porsche,Cayenne,2019
85,141,205,299,0,510,314,439,325,329,269,235,Porsche,Macan,2019
35,35,58,70,0,62,65,42,53,34,34,51,Porsche,Panamera,2019
"5,496","6,394","7,230","8,335","9,697","9,563","7,277","8,345","8,177","6,733","5,727","6,619",Ram,Pickup,2019
269,454,592,439,455,460,416,477,41,314,267,388,Ram,ProMaster,2019
115,34,98,124,47,99,81,92,252,61,52,11,Ram,ProMaster City,2019
0,0,11,0,82,35,25,0,22,12,1,0,Smart,ForTwo,2019
198,253,384,472,414,397,292,303,314,336,410,366,Subaru,Ascent,2019
24,214,49,65,67,55,40,38,34,20,19,22,Subaru,BRZ,2019
810,643,"1,040","1,165","1,355","1,244","1,427","1,373","1,631","1,858","1,445","1,193",Subaru,CrossTrek,2019
850,624,"1,087","1,113","1,413","1,182","1,117","1,066","1,198","1,204","1,114","1,091",Subaru,Forester,2019
490,552,771,805,961,952,777,802,747,951,657,600,Subaru,Impreza,2019
174,31,331,357,386,316,307,187,97,194,189,137,Subaru,Impreza WRX,2019
98,131,170,178,200,190,125,116,90,152,146,156,Subaru,Legacy,2019
499,621,948,"1,065","1,079",981,"1,074",845,644,926,"1,184","1,106",Subaru,Outback,2019
"2,100","2,100","2,100",400,400,400,400,400,400,400,400,400,Tesla,Model 3,2019
110,110,110,110,110,110,110,110,110,110,110,110,Tesla,Model S,2019
140,140,140,140,140,140,140,140,140,140,140,140,Tesla,Model X,2019
605,393,784,762,854,681,824,903,522,690,663,549,Toyota,4Runner,2019
9,12,35,22,20,38,32,34,20,16,12,12,Toyota,86 / FR-S,2019
34,17,47,37,51,26,25,30,45,43,29,21,Toyota,Avalon,2019
416,380,650,791,919,767,719,684,539,587,489,342,Toyota,C-HR,2019
929,920,"1,544","1,580","1,946","1,667","1,287",915,791,723,771,581,Toyota,Camry,2019
"2,734","2,486","4,035","4,575","6,246","4,546","4,047","4,788","3,892","4,245","3,571","2,431",Toyota,Corolla,2019
729,792,"1,184","1,095","1,185","1,423","1,347","1,336","1,114","1,366","1,316",924,Toyota,Highlander,2019
32,12,12,39,42,12,22,65,23,20,14,0,Toyota,Land Cruiser,2019
3,18,10,5,17,0,4,0,4,5,4,0,Toyota,Mirai,2019
297,394,779,836,"1,381",633,"1,089","1,348","1,001","1,224",954,569,Toyota,Prius Family,2019
"3,630","3,838","4,918","6,247","6,791","6,509","5,936","5,819","5,785","6,348","5,634","3,793",Toyota,RAV4,2019
41,35,54,72,46,59,82,30,38,25,35,26,Toyota,Sequoia,2019
"1,433",936,"1,563","1,482","1,382","1,369","1,520","1,280","1,112",876,"1,098",580,Toyota,Sienna,2019
0,0,0,0,0,0,66,106,32,12,26,10,Toyota,Supra,2019
852,733,"1,055","1,324","1,169","1,186","1,147","1,121",865,"1,078","1,139",867,Toyota,Tacoma,2019
612,631,909,952,"1,134",867,882,"1,139",641,617,907,675,Toyota,Tundra,2019
422,374,606,750,827,741,735,688,475,372,146,120,Toyota,Yaris,2019
0,0,13,80,53,38,47,36,21,49,38,81,Volkswagen,Arteon,2019
530,521,822,925,881,725,761,769,748,933,695,601,Volkswagen,Atlas,2019
136,170,331,408,384,341,351,310,160,178,89,52,Volkswagen,Beetle,2019
"1,142",969,"1,558","1,527","1,970","1,531","1,843","1,969","1,701","2,013","1,918","1,527",Volkswagen,Golf,2019
934,"1,052","1,254","1,777","2,088","1,342","1,632","1,794","1,394","1,469","1,375","1,149",Volkswagen,Jetta,2019
93,64,108,82,78,49,34,31,31,44,11,47,Volkswagen,Passat,2019
"1,166","1,352","1,677","1,564","1,603","1,541","1,635","1,949","2,044","2,296","1,409","1,014",Volkswagen,Tiguan,2019
7,2,5,2,1,3,2,0,1,3,0,0,Volkswagen,Touareg,2019
70,137,155,164,209,224,149,125,154,139,157,267,Volvo,60-Series,2019
50,25,33,28,27,30,34,11,15,2,28,12,Volvo,90-Series,2019
109,116,227,226,191,99,181,191,134,216,231,211,Volvo,XC40,2019
125,137,234,320,280,307,343,283,305,240,241,230,Volvo,XC60,2019
174,161,215,285,274,268,198,220,263,204,231,240,Volvo,XC90,2019
62,65,124,116,93,73,70,68,58,59,39,43,Acura,ILX,2020
93,389,782,611,550,501,347,516,309,406,303,275,Acura,MDX,2020
0,2,3,5,5,1,1,2,3,0,1,0,Acura,NSX,2020
443,466,650,552,607,738,747,720,788,854,661,750,Acura,RDX,2020
0,0,1,0,0,0,0,0,1,0,0,0,Acura,RLX,2020
111,112,309,0,1,0,391,249,225,143,155,85,Acura,TLX,2020
1,1,1,3,3,3,0,0,0,0,0,0,Alfa,Romeo 4C,2020
12,12,14,26,25,26,15,14,15,14,14,14,Alfa,Romeo Giulia,2020
42,42,48,59,57,59,68,65,68,67,67,67,Alfa,Romeo Stelvio,2020
40,40,45,2,2,2,0,0,0,98,98,98,Audi,A3,2020
113,113,127,224,216,224,117,113,117,46,46,46,Audi,A4,2020
181,181,204,431,414,431,177,170,177,85,85,85,Audi,A5,2020
95,95,107,91,87,91,34,33,34,32,32,32,Audi,A6,2020
37,37,42,60,57,60,17,16,17,16,16,16,Audi,A7,2020
6,6,6,8,7,8,6,6,6,3,3,3,Audi,A8,2020
0,0,0,0,0,0,42,40,42,28,28,28,Audi,e-Tron GT,2020
45,45,51,1,1,1,55,53,55,49,49,49,Audi,eTron,2020
553,553,622,843,810,843,581,559,581,574,574,574,Audi,Q3,2020
623,623,701,"1,268","1,219","1,268",814,784,814,618,618,618,Audi,Q5,2020
210,210,236,303,292,303,254,244,254,111,111,111,Audi,Q7,2020
130,130,146,211,203,211,114,110,114,35,35,35,Audi,Q8,2020
12,12,13,19,18,19,8,8,8,10,10,10,Audi,R8,2020
11,11,12,34,33,34,16,15,16,3,3,3,Audi,TT,2020
152,152,171,237,228,237,214,206,214,78,78,78,BMW,2-Series,2020
287,287,323,453,436,543,403,388,403,305,305,305,BMW,3-Series,2020
127,127,143,221,213,221,141,136,141,110,110,110,BMW,4-Series,2020
85,85,95,87,84,87,92,88,92,48,48,48,BMW,5-Series,2020
13,13,15,15,14,15,17,17,17,15,15,15,BMW,7-Series,2020
47,47,53,65,62,65,39,38,39,25,25,25,BMW,8-Series,2020
7,7,8,11,11,11,19,18,19,22,22,22,BMW,i3,2020
188,188,212,347,334,347,189,182,189,142,142,142,BMW,X1,2020
44,44,49,121,116,121,85,82,85,52,52,52,BMW,X2,2020
404,404,455,627,603,627,656,632,656,813,813,813,BMW,X3,2020
84,84,95,139,133,139,152,147,152,146,46,146,BMW,X4,2020
323,323,364,518,498,518,561,540,561,493,493,493,BMW,X5,2020
72,72,81,113,108,113,122,118,122,96,96,96,BMW,X6,2020
76,76,86,96,92,96,91,88,91,54,54,54,BMW,X7,2020
9,9,10,30,29,30,21,20,21,10,10,10,BMW,Z4,2020
167,167,188,253,243,253,175,168,175,127,127,127,Buick,Enclave,2020
171,171,192,202,194,202,136,131,136,122,122,122,Buick,Encore,2020
552,552,621,780,750,780,598,576,598,384,384,384,Buick,Encore GX,2020
187,187,211,414,398,414,593,571,593,241,241,241,Buick,Envision,2020
2,2,2,1,1,1,0,0,0,0,0,0,Buick,LaCrosse,2020
5,5,6,1,1,1,0,0,0,0,0,0,Buick,Regal,2020
63,63,71,81,78,81,68,65,68,29,29,29,Cadillac,CT4,2020
95,95,107,100,96,100,63,60,63,49,49,49,Cadillac,CT5,2020
0,0,0,1,1,1,0,0,0,0,0,0,Cadillac,CT6,2020
2,2,2,1,1,1,0,0,0,0,0,0,Cadillac,CTS,2020
217,217,244,343,330,343,380,366,380,208,208,208,Cadillac,Escalade,2020
299,299,337,294,282,294,80,77,80,53,53,53,Cadillac,XT4,2020
378,378,425,575,553,575,293,282,293,196,196,196,Cadillac,XT5,2020
146,146,164,175,168,175,136,131,136,82,82,82,Cadillac,XT6,2020
1,1,1,0,0,0,0,0,0,0,0,0,Cadillac,XTS,2020
320,320,360,334,321,334,217,209,217,263,263,263,Chevrolet,Blazer,2020
516,516,581,632,607,632,402,387,402,0,0,0,Chevrolet,Bolt,2020
113,113,127,87,83,87,95,92,95,101,101,101,Chevrolet,Camaro,2020
626,626,704,452,435,452,406,391,406,358,358,358,Chevrolet,Colorado,2020
90,90,101,295,283,295,247,238,247,125,125,125,Chevrolet,Corvette,2020
2,2,2,2,2,2,0,0,0,0,0,0,Chevrolet,Cruze,2020
836,836,941,781,751,781,867,835,867,393,393,393,Chevrolet,Equinox,2020
256,256,288,99,95,99,93,90,93,148,148,148,Chevrolet,Express,2020
3,3,3,1,1,1,0,0,0,0,0,0,Chevrolet,Impala,2020
241,241,271,155,149,155,47,46,47,87,87,87,Chevrolet,Malibu,2020
"4,633","4,633","5,212",221,213,221,"3,792","3,652","3,792","3,350","3,350","3,350",Chevrolet,Silverado,2020
455,455,512,572,550,572,585,564,585,432,432,432,Chevrolet,Spark,2020
174,174,196,221,213,221,223,215,223,173,173,173,Chevrolet,Suburban,2020
365,365,411,397,382,397,357,344,357,405,405,405,Chevrolet,Tahoe,2020
698,698,785,884,850,884,582,561,582,373,373,373,Chevrolet,TrailBlazer,2020
530,530,597,660,635,660,232,224,232,135,135,135,Chevrolet,Traverse,2020
285,285,321,284,273,284,174,168,174,48,48,48,Chevrolet,Trax,2020
78,78,88,88,84,88,27,26,27,70,70,70,Chrysler,300,2020
218,218,245,208,200,208,381,367,381,99,99,99,Chrysler,Grand Caravan,2020
459,459,516,302,290,302,539,519,539,194,194,194,Chrysler,Pacifica,2020
133,133,150,214,206,214,93,93,0,79,79,79,Dodge,Challenger,2020
203,203,228,224,215,224,78,75,0,133,133,133,Dodge,Charger,2020
0,0,0,0,0,0,1,0,0,0,0,0,Dodge,Dart,2020
622,622,699,415,399,415,323,323,0,545,545,545,Dodge,Durango,2020
"1,087","1,087","1,223",792,762,792,120,120,0,7,7,7,Dodge,Grand Caravan,2020
19,19,21,7,7,7,5,5,0,0,0,0,Dodge,Journey,2020
8,8,9,7,7,7,2,2,2,0,0,0,Fiat,124 Spider,2020
0,0,1,0,0,0,1,1,1,1,0,0,Fiat,500,2020
0,0,0,1,1,1,0,0,0,0,0,0,Fiat,500L,2020
2,2,2,3,3,3,0,0,0,1,0,0,Fiat,500X,2020
0,0,0,7,7,7,506,488,506,913,913,913,Ford,Bronco,2020
484,484,544,936,900,936,561,540,561,"1,717","1,717","1,717",Ford,Bronco Sport,2020
218,218,246,328,316,328,293,282,293,272,272,272,Ford,E-Series,2020
292,292,329,285,274,285,208,201,208,198,198,198,Ford,EcoSport,2020
808,808,909,825,794,825,"1,151","1,109","1,151","1,150","1,150","1,150",Ford,Edge,2020
"1,135","1,135","1,277","2,975","2,861","3,975","2,871","2,765","2,871","1,698","1,698","1,698",Ford,Escape,2020
336,336,378,525,505,525,439,423,439,324,324,324,Ford,Expedition,2020
"1,147","1,147","1,291","1,612","1,550","1,612","1,342","1,292","1,342","1,352","1,352","1,352",Ford,Explorer,2020
"9,676","9,676","10,886","9,820","9,443","9,820","9,821","9,458","9,821","9,327","9,327","9,327",Ford,F-Series,2020
108,108,122,120,115,120,51,49,51,22,22,22,Ford,Fusion,2020
2,2,3,2,2,2,0,0,0,1,1,1,Ford,GT,2020
0,0,0,0,0,0,1,1,1,500,500,500,Ford,Maverick,2020
235,235,264,650,625,650,378,364,378,148,148,148,Ford,Mustang,2020
213,213,239,489,470,489,384,370,384,367,367,367,Ford,Mustang Mach E,2020
671,671,755,"1,393","1,339","1,393","1,021",983,"1,021",651,651,651,Ford,Ranger,2020
"1,380","1,380","1,552","1,224","1,177","1,224","1,401","1,349","1,401",747,747,747,Ford,Transit,2020
181,181,204,293,282,293,133,128,133,148,148,148,Ford,Transit Connect,2020
31,52,72,87,151,128,125,152,110,112,52,88,Genesis,G70,2020
34,25,26,30,30,30,25,24,16,12,8,17,Genesis,G80,2020
5,4,5,4,3,2,3,6,5,7,7,6,Genesis,G90,2020
0,0,0,0,45,131,250,225,257,253,230,131,Genesis,GV70,2020
108,106,160,154,146,168,121,119,113,119,130,109,Genesis,GV80,2020
330,330,371,397,381,397,312,301,312,118,118,118,GMC,Acadia,2020
527,527,593,438,421,438,458,441,458,188,188,188,GMC,Canyon,2020
280,280,315,214,206,214,111,107,111,181,181,181,GMC,Savana,2020
"5,334","5,334","6,001","5,469","5,258","5,469","3,340","3,217","3,340","3,665","3,665","3,665",GMC,Sierra,2020
586,586,659,873,840,873,628,605,628,320,320,320,GMC,Terrain,2020
530,530,596,749,720,749,730,703,730,767,767,767,GMC,Yukon,2020
313,325,679,793,699,526,692,764,650,428,194,340,Honda,Accord,2020
"1,703","2,164","3,291","3,726","3,576","5,783","4,883","4,255","3,591","3,711","3,653","3,220",Honda,Civic,2020
6,24,39,40,28,29,6,18,13,7,28,10,Honda,Clarity FCV,2020
"2,858","3,716","4,959","4,096","5,046","6,041","6,211","5,837","4,180","2,330","2,742","2,919",Honda,CR-V,2020
60,68,109,56,36,11,10,4,3,2,1,1,Honda,Fit,2020
312,451,952,933,921,885,"1,059","1,103","1,358","1,532","1,247",863,Honda,HR-V,2020
26,27,38,41,31,30,30,11,10,3,2,2,Honda,Insight,2020
100,295,501,346,396,452,681,375,388,323,118,151,Honda,Odyssey,2020
141,152,266,238,222,239,263,234,380,344,243,147,Honda,Passport,2020
314,709,"1,251",715,674,590,605,557,479,618,478,408,Honda,Pilot,2020
87,235,482,288,230,260,161,50,409,272,585,432,Honda,Ridgeline,2020
"1,108","1,458","2,094","2,304","2,666","2,856","2,589","2,375","2,698","2,422","2,436","1,306",Hyundai,Elantra,2020
203,334,286,260,222,233,257,467,397,350,254,196,Hyundai,Ioniq,2020
0,0,0,0,0,0,0,0,0,0,0,232,Hyundai,Ioniq 5,2020
"1,400","2,058","3,402","3,154","2,973","2,728","2,778","2,634","2,634","2,870","2,564","1,906",Hyundai,Kona,2020
0,1,0,0,0,0,0,0,0,0,0,0,Hyundai,Nexo,2020
467,605,737,666,693,869,634,541,496,597,210,224,Hyundai,Palisade,2020
0,0,0,0,0,0,0,90,222,176,242,200,Hyundai,Santa Cruz,2020
632,848,"1,623","1,507","1,499","1,405","1,465","1,640","1,577","1,502","1,310",938,Hyundai,Santa Fe,2020
142,213,284,283,328,428,388,405,477,399,411,363,Hyundai,Sonata,2020
"1,061","1,521","2,250","2,435","3,075","3,118","2,925","2,435","2,186","2,135","1,251","1,095",Hyundai,Tuscon,2020
20,14,44,63,79,108,79,76,69,48,75,59,Hyundai,Veloster,2020
544,543,934,"1,094","1,208","1,220",999,"1,177","1,087","1,013","1,087",642,Hyundai,Venue,2020
89,89,100,98,94,98,89,86,89,56,56,56,Infiniti,Q50,2020
24,24,27,38,37,38,27,26,27,13,13,13,Infiniti,Q60,2020
155,155,174,201,194,201,218,210,218,144,144,144,Infiniti,QX50,2020
0,0,0,64,62,64,58,56,58,40,40,40,Infiniti,QX55,2020
130,130,146,95,91,95,47,45,47,71,71,71,Infiniti,QX60,2020
82,82,93,74,71,74,52,50,52,72,72,72,Infiniti,QX80,2020
15,15,17,11,11,11,5,5,5,1,1,1,Jaguar,E-Pace,2020
116,116,131,184,177,184,143,138,143,32,32,32,Jaguar,F-Pace,2020
17,17,19,21,20,21,10,10,10,9,9,9,Jaguar,F-Type,2020
11,11,12,6,6,6,2,2,0,10,10,10,Jaguar,I-Pace,2020
6,6,7,10,10,10,3,3,3,1,1,1,Jaguar,XF,2020
975,0,"1,097",998,959,998,681,656,681,404,404,404,Jeep,Cherokee,2020
0,0,0,0,0,0,0,0,0,0,545,545,Jeep,Commander,2020
531,0,597,376,362,376,514,495,514,545,0,0,Jeep,Compass,2020
380,0,428,299,288,299,418,403,418,470,470,470,Jeep,Gladiator,2020
"1,446",0,"1,627","1,405","1,351","1,405","1,807","1,740","1,807","1,803","1,803","1,803",Jeep,Grand Cherokee,2020
0,0,0,0,0,4,0,3,3,106,106,106,Jeep,Grand Wagoneer,2020
7,0,8,31,30,31,39,38,39,24,24,24,Jeep,Renegade,2020
0,0,0,0,0,0,3,0,0,0,0,0,Jeep,Wagoneer,2020
"1,446",0,"1,627","1,717","1,651","1,717","1,616","1,556","1,616","1,878","1,878","1,878",Jeep,Wrangler,2020
0,0,0,0,399,981,928,917,405,274,163,58,Kia,Carnival,2020
519,606,"1,321","1,552","1,784","1,704","1,685","1,678","1,671","1,014",359,535,Kia,Forte,2020
55,58,146,118,136,147,135,175,152,66,80,67,Kia,K5,2020
166,221,423,417,615,497,603,482,346,263,273,97,Kia,Niro,2020
0,2,1,0,0,0,0,0,0,0,0,0,Kia,Optima,2020
268,316,414,400,814,781,606,424,400,239,388,273,Kia,Rio,2020
61,78,18,17,9,1,1,2,2,1,0,0,Kia,Sedona,2020
754,"1,065","1,633","1,837","1,401","1,444",947,"1,346","1,523","1,260",646,580,Kia,Seltos,2020
485,646,899,"1,068","1,016","1,022",835,949,"1,226",409,830,890,Kia,Sorento,2020
228,382,588,797,671,743,928,757,954,653,416,227,Kia,Soul,2020
497,730,"1,527","1,304","1,366",898,"1,242","1,154","1,249","1,047",582,241,Kia,Sportage,2020
63,86,144,139,114,147,102,108,88,98,90,50,Kia,Stinger,2020
264,460,636,391,295,485,293,353,391,187,268,247,Kia,Telluride,2020
216,216,243,129,124,129,155,150,155,86,86,86,Land,Rover Defender,2020
13,13,15,21,20,21,21,20,21,16,16,16,Land,Rover Discovery / LR4,2020
90,90,101,41,39,41,30,29,30,26,26,26,Land,Rover Discovery Sport,2020
140,140,157,114,110,114,88,85,88,134,134,134,Land,Rover Range Rover,2020
124,124,139,75,72,75,55,53,55,135,135,135,Land,Rover Range Rover Evoque,2020
263,263,296,282,271,282,133,128,133,170,170,170,Land,Rover Range Rover Sport,2020
105,105,118,149,143,149,114,110,114,49,49,49,Land,Rover Range Rover Velar,2020
97,52,163,129,156,153,182,131,193,148,148,148,Lexus,ES,2020
1,1,0,0,0,0,0,0,0,0,0,0,Lexus,GS,2020
37,36,19,30,18,21,14,37,19,31,31,31,Lexus,GX,2020
115,130,221,330,302,263,260,215,186,32,32,32,Lexus,IS,2020
5,5,26,38,32,36,13,15,14,3,3,3,Lexus,LC,2020
6,3,3,5,2,4,4,2,6,1,1,1,Lexus,LS,2020
54,48,38,52,36,35,34,19,19,26,26,26,Lexus,LX,2020
330,442,684,797,667,699,822,820,988,345,345,345,Lexus,NX,2020
12,12,15,33,35,23,19,21,24,9,9,9,Lexus,RC,2020
451,493,836,904,801,944,923,884,"1,020","1,025","1,025","1,025",Lexus,RX,2020
112,136,237,377,303,360,337,364,472,195,195,195,Lexus,UX,2020
115,115,130,191,184,191,144,138,144,230,230,230,Lincoln,Aviator,2020
3,3,3,2,2,2,0,0,0,2,2,2,Lincoln,Continental,2020
154,154,173,230,221,230,191,184,191,258,258,258,Lincoln,MKC,2020
95,95,107,190,183,190,149,144,149,108,108,108,Lincoln,MKX/Nautilus,2020
4,4,4,4,4,4,2,2,2,0,0,0,Lincoln,MKZ,2020
87,87,98,125,120,125,116,111,116,109,109,109,Lincoln,Navigator,2020
11,11,13,11,14,8,7,9,5,7,9,5,Maserati,Ghibli,2020
2,2,3,0,0,0,0,0,0,0,0,0,Maserati,GranTurismo,2020
25,25,28,31,40,24,46,60,36,44,56,34,Maserati,Levante,2020
4,4,5,3,4,3,2,3,2,5,6,4,Maserati,Quattroporte,2020
783,717,"1,157","1,103","1,151","1,298","1,104","1,044","1,085","1,114",827,421,Mazda,3,2020
154,137,124,121,316,276,42,73,59,61,27,21,Mazda,6,2020
439,445,626,828,377,772,443,396,429,277,122,160,Mazda,CX-3,2020
581,670,"1,158","1,147","1,168","1,271","1,444","1,338","1,179",804,501,146,Mazda,CX-30,2020
"1,711","1,709","3,017","2,807","2,281","2,602","2,740","2,577","2,498","2,243","1,315","1,071",Mazda,CX-5,2020
355,354,587,716,380,448,459,439,342,254,128,68,Mazda,CX-9,2020
0,0,0,0,0,0,0,0,0,73,44,31,Mazda,MX-30,2020
16,82,220,190,132,149,108,40,28,10,11,30,Mazda,MX-5 Miata,2020
173,173,194,183,176,183,139,134,139,76,76,76,Mercedes-Benz,A-Class,2020
20,20,23,24,23,24,29,28,29,10,10,10,Mercedes-Benz,AMG GT,2020
160,160,180,231,222,231,405,390,405,209,209,209,Mercedes-Benz,C-Class,2020
99,99,111,146,140,146,98,94,98,81,81,81,Mercedes-Benz,CLA-Class,2020
115,115,129,209,201,209,162,156,162,124,124,174,Mercedes-Benz,E / CLS-Class,2020
107,107,121,76,73,76,99,96,99,171,171,171,Mercedes-Benz,G-Class,2020
197,197,221,180,173,180,161,155,161,168,168,168,Mercedes-Benz,GL/GLS-Class,2020
227,227,256,196,189,196,214,206,214,164,164,164,Mercedes-Benz,GLA-Class,2020
250,250,281,234,225,234,228,219,228,208,208,208,Mercedes-Benz,GLB,2020
510,510,574,747,718,747,573,552,573,461,461,461,Mercedes-Benz,GLC/GLK-Class,2020
543,543,611,680,654,680,551,530,551,552,552,552,Mercedes-Benz,GLE-Class,2020
0,0,0,0,0,0,0,155,161,0,0,0,Mercedes-Benz,M-Class,2020
72,72,81,106,102,106,63,61,63,66,66,66,Mercedes-Benz,Metris,2020
16,16,18,3,3,3,117,113,117,46,46,46,Mercedes-Benz,S-Class,2020
7,7,8,1,1,1,0,0,0,0,0,0,Mercedes-Benz,SL-Class,2020
5,5,6,1,1,1,0,0,0,0,0,0,Mercedes-Benz,SLC-Class,2020
421,421,474,156,150,156,433,417,433,337,337,337,Mercedes-Benz,Sprinter,2020
177,177,199,301,289,301,225,217,225,197,197,197,Mini,Cooper,2020
99,99,112,146,141,146,143,137,143,125,125,125,Mini,Countryman,2020
387,387,435,413,397,413,291,280,291,409,409,409,Mitsubishi,Eclipse Cross,2020
61,61,69,102,98,102,45,44,45,94,94,94,Mitsubishi,Mirage,2020
541,541,608,930,894,930,884,851,884,815,815,815,Mitsubishi,Outlander,2020
574,574,645,"1,016",977,"1,016",793,764,793,517,517,517,Mitsubishi,Outlander Sport,2020
4,4,5,2,2,2,0,0,0,0,0,0,Nissan,370Z,2020
105,105,118,140,135,140,89,86,89,70,70,70,Nissan,Altima,2020
47,47,53,65,63,65,49,47,49,37,37,37,Nissan,Armada,2020
0,0,0,0,0,0,156,150,156,418,418,418,Nissan,Frontier,2020
4,4,5,4,4,4,4,4,4,5,5,5,Nissan,GT-R,2020
"1,415","1,415","1,592","1,758","1,690","1,758","1,250","1,464","1,520","1,539","1,539","1,539",Nissan,Kicks,2020
82,82,93,129,124,129,96,92,96,100,100,100,Nissan,Leaf,2020
20,20,23,95,91,95,29,28,29,19,19,19,Nissan,Maxima,2020
525,525,591,692,666,692,678,653,678,384,384,384,Nissan,Murano,2020
5,5,6,91,87,91,8,8,8,0,0,0,Nissan,NV,2020
195,195,219,330,318,330,305,293,305,127,127,127,Nissan,NV200,2020
301,301,339,162,156,162,383,369,383,229,229,229,Nissan,Pathfinder,2020
955,955,"1,074","1,148","1,104","1,148",985,949,985,890,890,890,Nissan,Qashqai,2020
"2,950","2,950","3,318","2,784","2,677","2,784","2,697","2,597","2,697","1,491","1,491","1,491",Nissan,Rogue,2020
718,718,808,932,896,932,"1,265","1,218","1,265",421,421,421,Nissan,Sentra,2020
30,30,34,71,68,71,23,22,23,14,14,14,Nissan,Titan,2020
188,188,212,410,394,410,247,238,247,121,121,121,Nissan,Versa,2020
37,37,41,75,72,75,66,63,66,36,36,36,Porsche,718,2020
70,70,79,178,171,178,86,83,86,121,121,121,Porsche,911,2020
131,131,147,296,285,296,279,269,279,110,110,110,Porsche,Cayenne,2020
228,228,257,355,341,355,268,258,268,366,366,366,Porsche,Macan,2020
10,10,11,34,33,34,31,30,31,27,27,27,Porsche,Panamera,2020
54,54,60,94,90,94,44,43,44,52,52,52,Porsche,Taycan,2020
"6,837","6,837","7,692","6,219","5,980","6,219","5,023","4,837","5,023","6,270","6,270","6,270",Ram,Pickup,2020
217,217,244,213,205,213,276,266,276,295,295,295,Ram,ProMaster,2020
21,21,24,64,62,64,25,24,25,64,64,64,Ram,ProMaster City,2020
147,231,342,306,306,394,305,260,136,78,426,428,Subaru,Ascent,2020
19,31,46,42,27,4,1,1,1,0,129,137,Subaru,BRZ,2020
"1,003","1,336","2,166","1,827","2,234","2,306","2,839","2,568","2,441","2,935","1,038",649,Subaru,CrossTrek,2020
526,582,"1,091","1,106","1,311","1,116","1,145","1,145",892,506,121,282,Subaru,Forester,2020
176,178,334,329,345,362,317,310,426,482,699,458,Subaru,Impreza,2020
185,129,171,385,370,308,360,294,389,553,111,23,Subaru,Impreza WRX,2020
53,57,102,82,92,51,84,88,98,84,85,74,Subaru,Legacy,2020
544,677,"1,134","1,122",818,709,988,"1,187","1,337","1,017",800,931,Subaru,Outback,2020
"1,024","1,024","1,152","1,081","1,039","1,081","1,080","1,040","1,080","1,067","1,067","1,067",Tesla,Model 3,2020
48,48,54,51,49,51,51,49,51,50,50,50,Tesla,Model S,2020
80,80,90,84,81,84,84,81,84,83,83,83,Tesla,Model X,2020
512,512,576,540,519,540,540,520,540,533,533,533,Tesla,Model Y,2020
668,748,738,643,601,710,788,983,814,533,533,533,Toyota,4Runner,2020
10,6,17,13,14,7,2,0,0,2,2,2,Toyota,86 / FR-S,2020
17,12,17,19,23,14,12,18,14,7,7,7,Toyota,Avalon,2020
297,478,778,835,910,875,"1,061",922,874,382,382,382,Toyota,C-HR,2020
714,672,900,"1,132","1,353","1,241","1,449","1,209","1,043",728,728,728,Toyota,Camry,2020
"1,595","1,925","3,596","3,672","4,592","5,192","4,152","4,268","4,635","2,131","2,131","2,131",Toyota,Corolla,2020
0,0,0,0,0,0,0,0,0,289,289,289,Toyota,Corolla Cross,2020
"1,029","1,328","2,013","1,827","1,917","2,289","2,070","1,863","1,499","1,350","1,350","1,350",Toyota,Highlander,2020
32,20,18,28,25,30,43,31,20,47,47,47,Toyota,Land Cruiser,2020
16,3,3,0,1,1,1,2,38,21,21,21,Toyota,Mirai,2020
182,289,595,616,639,786,841,852,0,425,425,425,Toyota,Prius Family,2020
"3,699","4,594","7,372","7,920","7,088","7,235","6,702","5,264","2,954","3,035","3,035","3,035",Toyota,RAV4,2020
36,38,36,52,33,44,31,15,39,31,31,31,Toyota,Sequoia,2020
751,745,775,957,918,"1,616","1,330",722,"1,466",863,863,863,Toyota,Sienna,2020
13,7,24,48,73,79,53,29,33,17,17,17,Toyota,Supra,2020
784,697,994,"1,884","1,476","1,514","1,388","1,300","1,704","1,046","1,046","1,046",Toyota,Tacoma,2020
555,500,493,603,507,627,570,482,640,559,559,559,Toyota,Tundra,2020
174,217,407,494,500,505,744,841,948,473,473,473,Toyota,Venza,2020
41,57,103,43,39,0,0,0,0,0,0,0,Toyota,Yaris,2020
19,19,21,37,36,37,28,27,28,13,13,13,Volkswagen,Arteon,2020
840,840,945,"1,358","1,306","1,358","1,378","1,327","1,378",920,920,920,Volkswagen,Atlas,2020
1,1,1,0,0,0,0,0,0,0,0,0,Volkswagen,Beetle,2020
774,774,871,"1,110","1,068","1,110",741,714,741,228,228,228,Volkswagen,Golf,2020
0,0,0,0,0,0,0,0,0,179,179,179,Volkswagen,ID.4,2020
829,829,933,"1,022",983,"1,022","1,466","1,412","1,466",874,874,874,Volkswagen,Jetta,2020
209,209,235,214,206,214,166,160,166,125,125,125,Volkswagen,Passat,2020
0,0,0,59,56,59,263,253,263,889,889,889,Volkswagen,Taos,2020
"1,076","1,076","1,211","1,837","1,766","1,837","2,225","2,142","2,225","1,212","1,212","1,212",Volkswagen,Tiguan,2020
0,0,0,103,0,0,0,0,0,0,0,0,Volvo,40 Series,2020
98,98,110,0,134,81,121,157,95,122,158,96,Volvo,60-Series,2020
7,7,8,15,19,12,15,19,12,23,29,18,Volvo,90-Series,2020
222,222,250,369,477,289,252,327,198,224,290,176,Volvo,XC40,2020
155,155,174,241,312,189,395,511,309,311,402,244,Volvo,XC60,2020
190,190,214,261,338,205,281,364,220,192,249,151,Volvo,XC90,2020
62,65,124,116,93,73,70,68,58,59,39,43,Acura,ILX,2021
93,389,782,611,550,501,347,516,309,406,303,275,Acura,MDX,2021
0,2,3,5,5,1,1,2,3,0,1,0,Acura,NSX,2021
443,466,650,552,607,738,747,720,788,854,661,750,Acura,RDX,2021
0,0,1,0,0,0,0,0,1,0,0,0,Acura,RLX,2021
111,112,309,0,1,0,391,249,225,143,155,85,Acura,TLX,2021
1,1,1,3,3,3,0,0,0,0,0,0,Alfa,Romeo 4C,2021
12,12,14,26,25,26,15,14,15,14,14,14,Alfa,Romeo Giulia,2021
42,42,48,59,57,59,68,65,68,67,67,67,Alfa,Romeo Stelvio,2021
40,40,45,2,2,2,0,0,0,98,98,98,Audi,A3,2021
113,113,127,224,216,224,117,113,117,46,46,46,Audi,A4,2021
181,181,204,431,414,431,177,170,177,85,85,85,Audi,A5,2021
95,95,107,91,87,91,34,33,34,32,32,32,Audi,A6,2021
37,37,42,60,57,60,17,16,17,16,16,16,Audi,A7,2021
6,6,6,8,7,8,6,6,6,3,3,3,Audi,A8,2021
0,0,0,0,0,0,42,40,42,28,28,28,Audi,e-Tron GT,2021
45,45,51,1,1,1,55,53,55,49,49,49,Audi,eTron,2021
553,553,622,843,810,843,581,559,581,574,574,574,Audi,Q3,2021
623,623,701,"1,268","1,219","1,268",814,784,814,618,618,618,Audi,Q5,2021
210,210,236,303,292,303,254,244,254,111,111,111,Audi,Q7,2021
130,130,146,211,203,211,114,110,114,35,35,35,Audi,Q8,2021
12,12,13,19,18,19,8,8,8,10,10,10,Audi,R8,2021
11,11,12,34,33,34,16,15,16,3,3,3,Audi,TT,2021
152,152,171,237,228,237,214,206,214,78,78,78,BMW,2-Series,2021
287,287,323,453,436,543,403,388,403,305,305,305,BMW,3-Series,2021
127,127,143,221,213,221,141,136,141,110,110,110,BMW,4-Series,2021
85,85,95,87,84,87,92,88,92,48,48,48,BMW,5-Series,2021
13,13,15,15,14,15,17,17,17,15,15,15,BMW,7-Series,2021
47,47,53,65,62,65,39,38,39,25,25,25,BMW,8-Series,2021
7,7,8,11,11,11,19,18,19,22,22,22,BMW,i3,2021
188,188,212,347,334,347,189,182,189,142,142,142,BMW,X1,2021
44,44,49,121,116,121,85,82,85,52,52,52,BMW,X2,2021
404,404,455,627,603,627,656,632,656,813,813,813,BMW,X3,2021
84,84,95,139,133,139,152,147,152,146,46,146,BMW,X4,2021
323,323,364,518,498,518,561,540,561,493,493,493,BMW,X5,2021
72,72,81,113,108,113,122,118,122,96,96,96,BMW,X6,2021
76,76,86,96,92,96,91,88,91,54,54,54,BMW,X7,2021
9,9,10,30,29,30,21,20,21,10,10,10,BMW,Z4,2021
167,167,188,253,243,253,175,168,175,127,127,127,Buick,Enclave,2021
171,171,192,202,194,202,136,131,136,122,122,122,Buick,Encore,2021
552,552,621,780,750,780,598,576,598,384,384,384,Buick,Encore GX,2021
187,187,211,414,398,414,593,571,593,241,241,241,Buick,Envision,2021
2,2,2,1,1,1,0,0,0,0,0,0,Buick,LaCrosse,2021
5,5,6,1,1,1,0,0,0,0,0,0,Buick,Regal,2021
63,63,71,81,78,81,68,65,68,29,29,29,Cadillac,CT4,2021
95,95,107,100,96,100,63,60,63,49,49,49,Cadillac,CT5,2021
0,0,0,1,1,1,0,0,0,0,0,0,Cadillac,CT6,2021
2,2,2,1,1,1,0,0,0,0,0,0,Cadillac,CTS,2021
217,217,244,343,330,343,380,366,380,208,208,208,Cadillac,Escalade,2021
299,299,337,294,282,294,80,77,80,53,53,53,Cadillac,XT4,2021
378,378,425,575,553,575,293,282,293,196,196,196,Cadillac,XT5,2021
146,146,164,175,168,175,136,131,136,82,82,82,Cadillac,XT6,2021
1,1,1,0,0,0,0,0,0,0,0,0,Cadillac,XTS,2021
320,320,360,334,321,334,217,209,217,263,263,263,Chevrolet,Blazer,2021
516,516,581,632,607,632,402,387,402,0,0,0,Chevrolet,Bolt,2021
113,113,127,87,83,87,95,92,95,101,101,101,Chevrolet,Camaro,2021
626,626,704,452,435,452,406,391,406,358,358,358,Chevrolet,Colorado,2021
90,90,101,295,283,295,247,238,247,125,125,125,Chevrolet,Corvette,2021
2,2,2,2,2,2,0,0,0,0,0,0,Chevrolet,Cruze,2021
836,836,941,781,751,781,867,835,867,393,393,393,Chevrolet,Equinox,2021
256,256,288,99,95,99,93,90,93,148,148,148,Chevrolet,Express,2021
3,3,3,1,1,1,0,0,0,0,0,0,Chevrolet,Impala,2021
241,241,271,155,149,155,47,46,47,87,87,87,Chevrolet,Malibu,2021
"4,633","4,633","5,212",221,213,221,"3,792","3,652","3,792","3,350","3,350","3,350",Chevrolet,Silverado,2021
455,455,512,572,550,572,585,564,585,432,432,432,Chevrolet,Spark,2021
174,174,196,221,213,221,223,215,223,173,173,173,Chevrolet,Suburban,2021
365,365,411,397,382,397,357,344,357,405,405,405,Chevrolet,Tahoe,2021
698,698,785,884,850,884,582,561,582,373,373,373,Chevrolet,TrailBlazer,2021
530,530,597,660,635,660,232,224,232,135,135,135,Chevrolet,Traverse,2021
285,285,321,284,273,284,174,168,174,48,48,48,Chevrolet,Trax,2021
78,78,88,88,84,88,27,26,27,70,70,70,Chrysler,300,2021
218,218,245,208,200,208,381,367,381,99,99,99,Chrysler,Grand Caravan,2021
459,459,516,302,290,302,539,519,539,194,194,194,Chrysler,Pacifica,2021
133,133,150,214,206,214,93,93,0,79,79,79,Dodge,Challenger,2021
203,203,228,224,215,224,78,75,0,133,133,133,Dodge,Charger,2021
0,0,0,0,0,0,1,0,0,0,0,0,Dodge,Dart,2021
622,622,699,415,399,415,323,323,0,545,545,545,Dodge,Durango,2021
"1,087","1,087","1,223",792,762,792,120,120,0,7,7,7,Dodge,Grand Caravan,2021
19,19,21,7,7,7,5,5,0,0,0,0,Dodge,Journey,2021
8,8,9,7,7,7,2,2,2,0,0,0,Fiat,124 Spider,2021
0,0,1,0,0,0,1,1,1,1,0,0,Fiat,500,2021
0,0,0,1,1,1,0,0,0,0,0,0,Fiat,500L,2021
2,2,2,3,3,3,0,0,0,1,0,0,Fiat,500X,2021
0,0,0,7,7,7,506,488,506,913,913,913,Ford,Bronco,2021
484,484,544,936,900,936,561,540,561,"1,717","1,717","1,717",Ford,Bronco Sport,2021
218,218,246,328,316,328,293,282,293,272,272,272,Ford,E-Series,2021
292,292,329,285,274,285,208,201,208,198,198,198,Ford,EcoSport,2021
808,808,909,825,794,825,"1,151","1,109","1,151","1,150","1,150","1,150",Ford,Edge,2021
"1,135","1,135","1,277","2,975","2,861","3,975","2,871","2,765","2,871","1,698","1,698","1,698",Ford,Escape,2021
336,336,378,525,505,525,439,423,439,324,324,324,Ford,Expedition,2021
"1,147","1,147","1,291","1,612","1,550","1,612","1,342","1,292","1,342","1,352","1,352","1,352",Ford,Explorer,2021
"9,676","9,676","10,886","9,820","9,443","9,820","9,821","9,458","9,821","9,327","9,327","9,327",Ford,F-Series,2021
108,108,122,120,115,120,51,49,51,22,22,22,Ford,Fusion,2021
2,2,3,2,2,2,0,0,0,1,1,1,Ford,GT,2021
0,0,0,0,0,0,1,1,1,500,500,500,Ford,Maverick,2021
235,235,264,650,625,650,378,364,378,148,148,148,Ford,Mustang,2021
213,213,239,489,470,489,384,370,384,367,367,367,Ford,Mustang Mach E,2021
671,671,755,"1,393","1,339","1,393","1,021",983,"1,021",651,651,651,Ford,Ranger,2021
"1,380","1,380","1,552","1,224","1,177","1,224","1,401","1,349","1,401",747,747,747,Ford,Transit,2021
181,181,204,293,282,293,133,128,133,148,148,148,Ford,Transit Connect,2021
31,52,72,87,151,128,125,152,110,112,52,88,Genesis,G70,2021
34,25,26,30,30,30,25,24,16,12,8,17,Genesis,G80,2021
5,4,5,4,3,2,3,6,5,7,7,6,Genesis,G90,2021
0,0,0,0,45,131,250,225,257,253,230,131,Genesis,GV70,2021
108,106,160,154,146,168,121,119,113,119,130,109,Genesis,GV80,2021
330,330,371,397,381,397,312,301,312,118,118,118,GMC,Acadia,2021
527,527,593,438,421,438,458,441,458,188,188,188,GMC,Canyon,2021
280,280,315,214,206,214,111,107,111,181,181,181,GMC,Savana,2021
"5,334","5,334","6,001","5,469","5,258","5,469","3,340","3,217","3,340","3,665","3,665","3,665",GMC,Sierra,2021
586,586,659,873,840,873,628,605,628,320,320,320,GMC,Terrain,2021
530,530,596,749,720,749,730,703,730,767,767,767,GMC,Yukon,2021
313,325,679,793,699,526,692,764,650,428,194,340,Honda,Accord,2021
"1,703","2,164","3,291","3,726","3,576","5,783","4,883","4,255","3,591","3,711","3,653","3,220",Honda,Civic,2021
6,24,39,40,28,29,6,18,13,7,28,10,Honda,Clarity FCV,2021
"2,858","3,716","4,959","4,096","5,046","6,041","6,211","5,837","4,180","2,330","2,742","2,919",Honda,CR-V,2021
60,68,109,56,36,11,10,4,3,2,1,1,Honda,Fit,2021
312,451,952,933,921,885,"1,059","1,103","1,358","1,532","1,247",863,Honda,HR-V,2021
26,27,38,41,31,30,30,11,10,3,2,2,Honda,Insight,2021
100,295,501,346,396,452,681,375,388,323,118,151,Honda,Odyssey,2021
141,152,266,238,222,239,263,234,380,344,243,147,Honda,Passport,2021
314,709,"1,251",715,674,590,605,557,479,618,478,408,Honda,Pilot,2021
87,235,482,288,230,260,161,50,409,272,585,432,Honda,Ridgeline,2021
"1,108","1,458","2,094","2,304","2,666","2,856","2,589","2,375","2,698","2,422","2,436","1,306",Hyundai,Elantra,2021
203,334,286,260,222,233,257,467,397,350,254,196,Hyundai,Ioniq,2021
0,0,0,0,0,0,0,0,0,0,0,232,Hyundai,Ioniq 5,2021
"1,400","2,058","3,402","3,154","2,973","2,728","2,778","2,634","2,634","2,870","2,564","1,906",Hyundai,Kona,2021
0,1,0,0,0,0,0,0,0,0,0,0,Hyundai,Nexo,2021
467,605,737,666,693,869,634,541,496,597,210,224,Hyundai,Palisade,2021
0,0,0,0,0,0,0,90,222,176,242,200,Hyundai,Santa Cruz,2021
632,848,"1,623","1,507","1,499","1,405","1,465","1,640","1,577","1,502","1,310",938,Hyundai,Santa Fe,2021
142,213,284,283,328,428,388,405,477,399,411,363,Hyundai,Sonata,2021
"1,061","1,521","2,250","2,435","3,075","3,118","2,925","2,435","2,186","2,135","1,251","1,095",Hyundai,Tuscon,2021
20,14,44,63,79,108,79,76,69,48,75,59,Hyundai,Veloster,2021
544,543,934,"1,094","1,208","1,220",999,"1,177","1,087","1,013","1,087",642,Hyundai,Venue,2021
89,89,100,98,94,98,89,86,89,56,56,56,Infiniti,Q50,2021
24,24,27,38,37,38,27,26,27,13,13,13,Infiniti,Q60,2021
155,155,174,201,194,201,218,210,218,144,144,144,Infiniti,QX50,2021
0,0,0,64,62,64,58,56,58,40,40,40,Infiniti,QX55,2021
130,130,146,95,91,95,47,45,47,71,71,71,Infiniti,QX60,2021
82,82,93,74,71,74,52,50,52,72,72,72,Infiniti,QX80,2021
15,15,17,11,11,11,5,5,5,1,1,1,Jaguar,E-Pace,2021
116,116,131,184,177,184,143,138,143,32,32,32,Jaguar,F-Pace,2021
17,17,19,21,20,21,10,10,10,9,9,9,Jaguar,F-Type,2021
11,11,12,6,6,6,2,2,0,10,10,10,Jaguar,I-Pace,2021
6,6,7,10,10,10,3,3,3,1,1,1,Jaguar,XF,2021
975,0,"1,097",998,959,998,681,656,681,404,404,404,Jeep,Cherokee,2021
0,0,0,0,0,0,0,0,0,0,545,545,Jeep,Commander,2021
531,0,597,376,362,376,514,495,514,545,0,0,Jeep,Compass,2021
380,0,428,299,288,299,418,403,418,470,470,470,Jeep,Gladiator,2021
"1,446",0,"1,627","1,405","1,351","1,405","1,807","1,740","1,807","1,803","1,803","1,803",Jeep,Grand Cherokee,2021
0,0,0,0,0,4,0,3,3,106,106,106,Jeep,Grand Wagoneer,2021
7,0,8,31,30,31,39,38,39,24,24,24,Jeep,Renegade,2021
0,0,0,0,0,0,3,0,0,0,0,0,Jeep,Wagoneer,2021
"1,446",0,"1,627","1,717","1,651","1,717","1,616","1,556","1,616","1,878","1,878","1,878",Jeep,Wrangler,2021
0,0,0,0,399,981,928,917,405,274,163,58,Kia,Carnival,2021
519,606,"1,321","1,552","1,784","1,704","1,685","1,678","1,671","1,014",359,535,Kia,Forte,2021
55,58,146,118,136,147,135,175,152,66,80,67,Kia,K5,2021
166,221,423,417,615,497,603,482,346,263,273,97,Kia,Niro,2021
0,2,1,0,0,0,0,0,0,0,0,0,Kia,Optima,2021
268,316,414,400,814,781,606,424,400,239,388,273,Kia,Rio,2021
61,78,18,17,9,1,1,2,2,1,0,0,Kia,Sedona,2021
754,"1,065","1,633","1,837","1,401","1,444",947,"1,346","1,523","1,260",646,580,Kia,Seltos,2021
485,646,899,"1,068","1,016","1,022",835,949,"1,226",409,830,890,Kia,Sorento,2021
228,382,588,797,671,743,928,757,954,653,416,227,Kia,Soul,2021
497,730,"1,527","1,304","1,366",898,"1,242","1,154","1,249","1,047",582,241,Kia,Sportage,2021
63,86,144,139,114,147,102,108,88,98,90,50,Kia,Stinger,2021
264,460,636,391,295,485,293,353,391,187,268,247,Kia,Telluride,2021
216,216,243,129,124,129,155,150,155,86,86,86,Land,Rover Defender,2021
13,13,15,21,20,21,21,20,21,16,16,16,Land,Rover Discovery / LR4,2021
90,90,101,41,39,41,30,29,30,26,26,26,Land,Rover Discovery Sport,2021
140,140,157,114,110,114,88,85,88,134,134,134,Land,Rover Range Rover,2021
124,124,139,75,72,75,55,53,55,135,135,135,Land,Rover Range Rover Evoque,2021
263,263,296,282,271,282,133,128,133,170,170,170,Land,Rover Range Rover Sport,2021
105,105,118,149,143,149,114,110,114,49,49,49,Land,Rover Range Rover Velar,2021
97,52,163,129,156,153,182,131,193,148,148,148,Lexus,ES,2021
1,1,0,0,0,0,0,0,0,0,0,0,Lexus,GS,2021
37,36,19,30,18,21,14,37,19,31,31,31,Lexus,GX,2021
115,130,221,330,302,263,260,215,186,32,32,32,Lexus,IS,2021
5,5,26,38,32,36,13,15,14,3,3,3,Lexus,LC,2021
6,3,3,5,2,4,4,2,6,1,1,1,Lexus,LS,2021
54,48,38,52,36,35,34,19,19,26,26,26,Lexus,LX,2021
330,442,684,797,667,699,822,820,988,345,345,345,Lexus,NX,2021
12,12,15,33,35,23,19,21,24,9,9,9,Lexus,RC,2021
451,493,836,904,801,944,923,884,"1,020","1,025","1,025","1,025",Lexus,RX,2021
112,136,237,377,303,360,337,364,472,195,195,195,Lexus,UX,2021
115,115,130,191,184,191,144,138,144,230,230,230,Lincoln,Aviator,2021
3,3,3,2,2,2,0,0,0,2,2,2,Lincoln,Continental,2021
154,154,173,230,221,230,191,184,191,258,258,258,Lincoln,MKC,2021
95,95,107,190,183,190,149,144,149,108,108,108,Lincoln,MKX/Nautilus,2021
4,4,4,4,4,4,2,2,2,0,0,0,Lincoln,MKZ,2021
87,87,98,125,120,125,116,111,116,109,109,109,Lincoln,Navigator,2021
11,11,13,11,14,8,7,9,5,7,9,5,Maserati,Ghibli,2021
2,2,3,0,0,0,0,0,0,0,0,0,Maserati,GranTurismo,2021
25,25,28,31,40,24,46,60,36,44,56,34,Maserati,Levante,2021
4,4,5,3,4,3,2,3,2,5,6,4,Maserati,Quattroporte,2021
783,717,"1,157","1,103","1,151","1,298","1,104","1,044","1,085","1,114",827,421,Mazda,3,2021
154,137,124,121,316,276,42,73,59,61,27,21,Mazda,6,2021
439,445,626,828,377,772,443,396,429,277,122,160,Mazda,CX-3,2021
581,670,"1,158","1,147","1,168","1,271","1,444","1,338","1,179",804,501,146,Mazda,CX-30,2021
"1,711","1,709","3,017","2,807","2,281","2,602","2,740","2,577","2,498","2,243","1,315","1,071",Mazda,CX-5,2021
355,354,587,716,380,448,459,439,342,254,128,68,Mazda,CX-9,2021
0,0,0,0,0,0,0,0,0,73,44,31,Mazda,MX-30,2021
16,82,220,190,132,149,108,40,28,10,11,30,Mazda,MX-5 Miata,2021
173,173,194,183,176,183,139,134,139,76,76,76,Mercedes-Benz,A-Class,2021
20,20,23,24,23,24,29,28,29,10,10,10,Mercedes-Benz,AMG GT,2021
160,160,180,231,222,231,405,390,405,209,209,209,Mercedes-Benz,C-Class,2021
99,99,111,146,140,146,98,94,98,81,81,81,Mercedes-Benz,CLA-Class,2021
115,115,129,209,201,209,162,156,162,124,124,174,Mercedes-Benz,E / CLS-Class,2021
107,107,121,76,73,76,99,96,99,171,171,171,Mercedes-Benz,G-Class,2021
197,197,221,180,173,180,161,155,161,168,168,168,Mercedes-Benz,GL/GLS-Class,2021
227,227,256,196,189,196,214,206,214,164,164,164,Mercedes-Benz,GLA-Class,2021
250,250,281,234,225,234,228,219,228,208,208,208,Mercedes-Benz,GLB,2021
510,510,574,747,718,747,573,552,573,461,461,461,Mercedes-Benz,GLC/GLK-Class,2021
543,543,611,680,654,680,551,530,551,552,552,552,Mercedes-Benz,GLE-Class,2021
0,0,0,0,0,0,0,155,161,0,0,0,Mercedes-Benz,M-Class,2021
72,72,81,106,102,106,63,61,63,66,66,66,Mercedes-Benz,Metris,2021
16,16,18,3,3,3,117,113,117,46,46,46,Mercedes-Benz,S-Class,2021
7,7,8,1,1,1,0,0,0,0,0,0,Mercedes-Benz,SL-Class,2021
5,5,6,1,1,1,0,0,0,0,0,0,Mercedes-Benz,SLC-Class,2021
421,421,474,156,150,156,433,417,433,337,337,337,Mercedes-Benz,Sprinter,2021
177,177,199,301,289,301,225,217,225,197,197,197,Mini,Cooper,2021
99,99,112,146,141,146,143,137,143,125,125,125,Mini,Countryman,2021
387,387,435,413,397,413,291,280,291,409,409,409,Mitsubishi,Eclipse Cross,2021
61,61,69,102,98,102,45,44,45,94,94,94,Mitsubishi,Mirage,2021
541,541,608,930,894,930,884,851,884,815,815,815,Mitsubishi,Outlander,2021
574,574,645,"1,016",977,"1,016",793,764,793,517,517,517,Mitsubishi,Outlander Sport,2021
4,4,5,2,2,2,0,0,0,0,0,0,Nissan,370Z,2021
105,105,118,140,135,140,89,86,89,70,70,70,Nissan,Altima,2021
47,47,53,65,63,65,49,47,49,37,37,37,Nissan,Armada,2021
0,0,0,0,0,0,156,150,156,418,418,418,Nissan,Frontier,2021
4,4,5,4,4,4,4,4,4,5,5,5,Nissan,GT-R,2021
"1,415","1,415","1,592","1,758","1,690","1,758","1,250","1,464","1,520","1,539","1,539","1,539",Nissan,Kicks,2021
82,82,93,129,124,129,96,92,96,100,100,100,Nissan,Leaf,2021
20,20,23,95,91,95,29,28,29,19,19,19,Nissan,Maxima,2021
525,525,591,692,666,692,678,653,678,384,384,384,Nissan,Murano,2021
5,5,6,91,87,91,8,8,8,0,0,0,Nissan,NV,2021
195,195,219,330,318,330,305,293,305,127,127,127,Nissan,NV200,2021
301,301,339,162,156,162,383,369,383,229,229,229,Nissan,Pathfinder,2021
955,955,"1,074","1,148","1,104","1,148",985,949,985,890,890,890,Nissan,Qashqai,2021
"2,950","2,950","3,318","2,784","2,677","2,784","2,697","2,597","2,697","1,491","1,491","1,491",Nissan,Rogue,2021
718,718,808,932,896,932,"1,265","1,218","1,265",421,421,421,Nissan,Sentra,2021
30,30,34,71,68,71,23,22,23,14,14,14,Nissan,Titan,2021
188,188,212,410,394,410,247,238,247,121,121,121,Nissan,Versa,2021
37,37,41,75,72,75,66,63,66,36,36,36,Porsche,718,2021
70,70,79,178,171,178,86,83,86,121,121,121,Porsche,911,2021
131,131,147,296,285,296,279,269,279,110,110,110,Porsche,Cayenne,2021
228,228,257,355,341,355,268,258,268,366,366,366,Porsche,Macan,2021
10,10,11,34,33,34,31,30,31,27,27,27,Porsche,Panamera,2021
54,54,60,94,90,94,44,43,44,52,52,52,Porsche,Taycan,2021
"6,837","6,837","7,692","6,219","5,980","6,219","5,023","4,837","5,023","6,270","6,270","6,270",Ram,Pickup,2021
217,217,244,213,205,213,276,266,276,295,295,295,Ram,ProMaster,2021
21,21,24,64,62,64,25,24,25,64,64,64,Ram,ProMaster City,2021
147,231,342,306,306,394,305,260,136,78,426,428,Subaru,Ascent,2021
19,31,46,42,27,4,1,1,1,0,129,137,Subaru,BRZ,2021
"1,003","1,336","2,166","1,827","2,234","2,306","2,839","2,568","2,441","2,935","1,038",649,Subaru,CrossTrek,2021
526,582,"1,091","1,106","1,311","1,116","1,145","1,145",892,506,121,282,Subaru,Forester,2021
176,178,334,329,345,362,317,310,426,482,699,458,Subaru,Impreza,2021
185,129,171,385,370,308,360,294,389,553,111,23,Subaru,Impreza WRX,2021
53,57,102,82,92,51,84,88,98,84,85,74,Subaru,Legacy,2021
544,677,"1,134","1,122",818,709,988,"1,187","1,337","1,017",800,931,Subaru,Outback,2021
"1,024","1,024","1,152","1,081","1,039","1,081","1,080","1,040","1,080","1,067","1,067","1,067",Tesla,Model 3,2021
48,48,54,51,49,51,51,49,51,50,50,50,Tesla,Model S,2021
80,80,90,84,81,84,84,81,84,83,83,83,Tesla,Model X,2021
512,512,576,540,519,540,540,520,540,533,533,533,Tesla,Model Y,2021
668,748,738,643,601,710,788,983,814,533,533,533,Toyota,4Runner,2021
10,6,17,13,14,7,2,0,0,2,2,2,Toyota,86 / FR-S,2021
17,12,17,19,23,14,12,18,14,7,7,7,Toyota,Avalon,2021
297,478,778,835,910,875,"1,061",922,874,382,382,382,Toyota,C-HR,2021
714,672,900,"1,132","1,353","1,241","1,449","1,209","1,043",728,728,728,Toyota,Camry,2021
"1,595","1,925","3,596","3,672","4,592","5,192","4,152","4,268","4,635","2,131","2,131","2,131",Toyota,Corolla,2021
0,0,0,0,0,0,0,0,0,289,289,289,Toyota,Corolla Cross,2021
"1,029","1,328","2,013","1,827","1,917","2,289","2,070","1,863","1,499","1,350","1,350","1,350",Toyota,Highlander,2021
32,20,18,28,25,30,43,31,20,47,47,47,Toyota,Land Cruiser,2021
16,3,3,0,1,1,1,2,38,21,21,21,Toyota,Mirai,2021
182,289,595,616,639,786,841,852,0,425,425,425,Toyota,Prius Family,2021
"3,699","4,594","7,372","7,920","7,088","7,235","6,702","5,264","2,954","3,035","3,035","3,035",Toyota,RAV4,2021
36,38,36,52,33,44,31,15,39,31,31,31,Toyota,Sequoia,2021
751,745,775,957,918,"1,616","1,330",722,"1,466",863,863,863,Toyota,Sienna,2021
13,7,24,48,73,79,53,29,33,17,17,17,Toyota,Supra,2021
784,697,994,"1,884","1,476","1,514","1,388","1,300","1,704","1,046","1,046","1,046",Toyota,Tacoma,2021
555,500,493,603,507,627,570,482,640,559,559,559,Toyota,Tundra,2021
174,217,407,494,500,505,744,841,948,473,473,473,Toyota,Venza,2021
41,57,103,43,39,0,0,0,0,0,0,0,Toyota,Yaris,2021
19,19,21,37,36,37,28,27,28,13,13,13,Volkswagen,Arteon,2021
840,840,945,"1,358","1,306","1,358","1,378","1,327","1,378",920,920,920,Volkswagen,Atlas,2021
1,1,1,0,0,0,0,0,0,0,0,0,Volkswagen,Beetle,2021
774,774,871,"1,110","1,068","1,110",741,714,741,228,228,228,Volkswagen,Golf,2021
0,0,0,0,0,0,0,0,0,179,179,179,Volkswagen,ID.4,2021
829,829,933,"1,022",983,"1,022","1,466","1,412","1,466",874,874,874,Volkswagen,Jetta,2021
209,209,235,214,206,214,166,160,166,125,125,125,Volkswagen,Passat,2021
0,0,0,59,56,59,263,253,263,889,889,889,Volkswagen,Taos,2021
"1,076","1,076","1,211","1,837","1,766","1,837","2,225","2,142","2,225","1,212","1,212","1,212",Volkswagen,Tiguan,2021
0,0,0,103,0,0,0,0,0,0,0,0,Volvo,40 Series,2021
98,98,110,0,134,81,121,157,95,122,158,96,Volvo,60-Series,2021
7,7,8,15,19,12,15,19,12,23,29,18,Volvo,90-Series,2021
222,222,250,369,477,289,252,327,198,224,290,176,Volvo,XC40,2021
155,155,174,241,312,189,395,511,309,311,402,244,Volvo,XC60,2021
190,190,214,261,338,205,281,364,220,192,249,151,Volvo,XC90,2021
